CLAIMNO,DESCRIPTIONACCIDENT,label,,,,,
MOT11965634,Khalilabad,2,,,,,
MOT11965784,one two wheeler could not control and dashed the right side of hector.,2,,,,,
MOT11965780,AS PER CLAIM FOAM,2,,,,,
MOT11964068,another vehicle hit front side and fil down right side,1,,,,,
MOT11963894,Aage wale vehicle ne achank break use kiye or meri gaadi control nhi hui es vajh se usmein lag gyi,1,,,,,
MOT11964002,DAMEGE,2,,,,,
ECF2182852814e4c,WHILE TAKING FORWARD FROM THE CAR PORCH THE FRONT AND RIGHT SIDE OF THE VEHICLE HITTED ON A BOUNDARY WALL,0,,,,,
MOT11963906,Road crossing k dawran auto wale ne shamne se dhaka mara jishke karan meri gadi bayen taraf gir gai,1,,,,,
MOT11964112,DAMAGED,2,,,,,
MOT11963709,Gadi lay ne jta tyre road ni side mathi achank bhind athdata aagar na bhag ma nukshan thyel,2,,,,,
MOT11964136,Our vehicle had collided with a dog on highway road. At the same time another animal dashed on right side portion of our vehicle causing damages.,2,,,,,
MOT11946989,Dog hit from front side,0,,,,,
ECF2338236014f0c,Suddenly A Bike hit my car Back side,1,,,,,
MOT11963657,DAMEGE,2,,,,,
ECF22155443947ae,WHILE DRIVING ONE STONE DASH ON MY CAR FRONT GLASS I TOOK RIGHT AND BRUSHED MY CAR FRONT RIGHT SIDE VEHICLE,1,,,,,
MOT11963756,Hit a low boundary wall during reverse,0,,,,,
MOT11965207,Dusre vahan ne peeche se takkar maar de,1,,,,,
MOT11964563,A GOOD VEHICLE HIT AT LEFT BACK SIDE OF MY CAR WHILE I TOOK A TURN SLOWING DOWN A CYCLE OVERVING FACING TO MYE AT A THORP TURING .THE GOOD VEHICLE AT THE TURNING ROULD NOT CONTROL HIM SELF AND BADLY HIT ME ROUNDING SEVERE DAMAGE,1,,,,,
MOT11964833,a lady driver with venue car entered from left on main road and hit my vehicle at left side. she didnt look at both sided of road before entering on main road my vehicle got damage from left side,1,,,,,
MOT11964642,HIT WITH TRUCK,2,,,,,
MOT11963974,Happend near irla while taking a U turn from Amar Juice centre the barricade of the metro I laid out so the back wheel got hit by it & instantly brust,0,,,,,
ECF23166375249e4,Near police check post,2,,,,,
ECF2186828774d81,MERE SAALE KA LDKA APNE NIJI KAAM SE GHAR SE SIKANDRABAAD JA RHE THE TABHI ACHANAK SAMNE SE EK BIKE WALE NE TAKKAR MAAR DI JISSE BIKE ASHUNTILIT HOKAR PULIA SE LADKAR CHATIGRAST HO GAI,1,,,,,
MOT11965082,AS PER CLAIM FORM,2,,,,,
ECF19846917140d8,As per claim form,2,,,,,
MOT11965223,CHALAK JAA RHA THA SAMNE SE CAR WALE NE TAKKAR MAR DIAY HAI,2,,,,,
MOT11965792,Left side se Scooty wale ne Takkar mari aur gadi Right side Gir gayi,1,,,,,
MOT11960313,VECHICLE DAMAGED,2,,,,,
MOT11965793,WHILE TRAVELLING FROM NERUL TO AMBERNATH I AM OVERTAKE ON ROAD TO ONE TRUCK HEAVY VEHICLE ACCIDENT WITH SIDE DIVIDER FRONT BUMPER DAMAGE IS THERE WITH DIVIDER ON RIGHT SIDE,1,,,,,
MOT11965830,STUCK DIRECTLY IN DIVIDER TO SAVE A HUMAN BEING.,2,,,,,
MOT11965799,FROM R.H SIDE A TEMPO WAS DASH WITH MY CAR AND I TAKE L.H SIDE BUT MY CAR GOT DASH WITH A TEMPO WHICH WAS PARKED ON ROAD L.H SIDE AND SAME TIME DUE TO SUDDEN BRAKE FROM REAR L.H SIDE ANOTHER VEHICLE WAS ALSO DAMAGED MY CAR.,1,,,,,
MOT11964534,Moanky was to jump Tobe hood was to dhamj,2,,,,,
MOT11965434,As par claim from,2,,,,,
MOT11964177,AS PER FORM,2,,,,,
MOT11965685,HIT A ROAD HOLE,2,,,,,
MOT11964003,KEY LOSS,2,,,,,
MOT11964421,Vishal mega mart ke pass ek pulsar vale se takkar maar di gaadi disbalance ho kr gir gai,1,,,,,
MOT11959581,Front left side hit bike and fell down vehicle left side,1,,,,,
MOT11964007,As per claim for.,2,,,,,
ECF2198751874eb1,Ahemedabad,2,,,,,
MOT11964120,As per estimate,2,,,,,
MOT11963663,DAMEGE,2,,,,,
MOT11965227,THE CAR WAS BEING TRAVELLING TOWARDS NERUL VIA URAN PHATA AFTER THE TURNING REAR RR PATH UDYAN ONE CAR MOVING AHED SUDDENLY APPLIED BRAKES AND I ALSO APPLIED BRAKES INSTANTLY ALTHOUGH THERE WAS NO COLLISIUM IN THE CAR MOVING AHEAD THE CAR AT THE REAR COULD NOT CONTROL & MY CAR DAMAGING THE BOOT AND THE BUMPER AT THE SAME TIME A RICKSHAW ON THE FRONT SIDE BRUSHED FROM FRONT SIDE,2,,,,,
MOT11964838,damaged,2,,,,,
MOT11965209,Karmauta se sikandarpur jate samay karmauta ke pass brekar ke pass jab hamne break mara tabhi ak tempu wale ne hamari gadi ko pichhe se takar mar diya or hamari gadi chhattisgarh ho gai,1,,,,,
MOT11965276,suddenly the car hit on the back,2,,,,,
MOT11964325,HIT WITH A OBJECTSON LEFT SIDE OF THE CAR,2,,,,,
MOT11965215,NADIAD THI MEHEMDABAD AAVATA ROAD ANE DIVAYDER NU KAM CHALU HOVATHI CIMENT.RATI.CAPCHI ROAD UPER HOVATHI ACTIVA SLIP MARI NE DIVAYDER MA ATHADAYU.,1,,,,,
MOT11965282,While driving my activa suddenly my activa's accelerator increased and my activa got crashed into a poll and got damaged,0,,,,,
MOT11965237,A FLYING STONE HIT OUR CAR FRONT WINDSHEALD OR GLASS GOT DAMAGED,2,,,,,
MOT11964911,A car heat from rear side n vechiel slepped on rhs side,1,,,,,
MOT11964915,Samne se bike ne takkar maar diya or gadi left side gir gaya,1,,,,,
ECF21931375442d9,Mate chowk madhe traffic astana magun commercial taxi ni dash maarli. Tya mule car chi back side damage zali,2,,,,,
MOT11965723,A UKNOWN VEHICLE HIT FROM FRONT SIDE,1,,,,,
MOT11952337,As per claim form,1,,,,,
MOT11965074,60 NI SPEED PAR GADI JATI HATI ACHANAK ROJADU ADU UTARTA GADI NO CONTROAL NA RETA GADI ROAD NICHE UTARI GAY,1,,,,,
MOT11965447,???? ??? ???? ?????? ?? ???? ??? ?? ??? ?? ??? ?? ???? ??? ??? ?? ??? ????? ???? ?? ? ??? ??? ?? ??? ??? ?? ?? ???? ???? ???? ??? ??,2,,,,,
MOT11964705,While parking unfortunately gave sudden acceleration hitted my vehicle in to pillar hence my vehicle left side damaged,0,,,,,
MOT11965040,Daimeg from front side from animal,2,,,,,
MOT11959796,VECHICLE DAMAGED,2,,,,,
MOT11965598,Khalilabad,2,,,,,
MOT11965852,Samne se bike aa rahi thi or achhanak se meri gari ki takar hui jis karan meri gari ki chhati garast huaa,1,,,,,
ECF220076343465f,Insured vehicle was hit against a car and fall down to left side,1,,,,,
MOT11964201,As per claimform,2,,,,,
MOT11964205,On a narrow road the oncoming vehicle hit onto my car thus damaging the right side of the car,1,,,,,
ECF21021097340fc,While waiting for the signal behind maruti car was hitten my car back side,1,,,,,
MOT11963655,DAMEGE,2,,,,,
MOT11964166,bike wala e left rear side takkar marta left side padi jata nukasan thayelchhe,1,,,,,
MOT11964146,Auto was hit by my vehicle,1,,,,,
MOT11964097,As per estimate,2,,,,,
MOT11964245,Hit on a wall and fell down while giving side to a car,1,,,,,
ECF2194992934489,My husband was driving suddenly one two Wheller passed from near side and madd a cut. He got disbalanced due to that and fall on road.,1,,,,,
MOT11964135,As per claim form,2,,,,,
MOT11965304,Our vehicle had collided on back portion of front going truck which applied sudden brake.,1,,,,,
MOT11965307,SAMNE SE BIKE WALE NE AKKAR MAAR DIYA JISASE GAADI GIR K CHATIGRASTH HO GAYI,1,,,,,
MOT11964012,AS PER CLAIM FORM,2,,,,,
MOT11965143,Kansari,2,,,,,
ECF2309921584c10,Agad ni gadi brake karata pa6ad atahadata gadi ma nukasan thayu 6e,2,,,,,
MOT11964160,Suddenly bike come front side and i put brake another car hit from back side and bike hit from front side,1,,,,,
MOT11965233,Motercycle ek caar se takraker damage ho gai,2,,,,,
MOT11963296,TWO WHEELER RIDER COMING FROM FRONT SIDE WHIL;E OVER TAKING HE DASHED ON MY CAR,1,,,,,
ECF172845577477e,Left side one biker hit our car to pass away and save the car no moved right side and again Hitted my car another car.,1,,,,,
MOT11965126,ANK THI VAGRAJATA DEKOR SHOWRROM NE SAMI CHOTA HATHI TAEMP WALO AACHNAK BRKE MARTA MARI GADI ANE PACHAL MARI GAD LAGI JATA MARI GADI MA AAGE NA BHAGE DAMAGES THYO CHE,1,,,,,
MOT11963841,As par claim form,2,,,,,
MOT11964721,Road ni side ma gadi ubhi hati be bhund jagadata aavi ne gadi ma athadaya aagad ni baju ae nuksan thayel che,1,,,,,
MOT11962956,Salf,2,,,,,
ECF2358510124c2b,Accelarator was increased when bike started after 3 starter and gone under dranage.,0,,,,,
MOT11938192,AS PER CLAIM FORM,2,,,,,
MOT11965849,me ja rha tha or achanak samne ja rhe tempo ne brake lagaya to meri gaadi usse takra gai.,1,,,,,
MOT11963903,Dog dashed by insurance vehicle,1,,,,,
MOT11965407,A Auto hit front side,1,,,,,
MOT11965866,Am going to Honda big wing showroom on the way a two wheeler vehicle guyhited nd moved from back door to front feeder with bike handle,1,,,,,
MOT11965906,truck dash from back side,2,,,,,
MOT11965210,Santi rode mein aage chal rahe gaadi ne achanak gaadi ko mode diya jiske karan gaadi se takra kar gir gaye,1,,,,,
MOT11964256,bhiwadi to gailpur jate time gadi gailpur me khadi thi aage pikup khadi thi usne back karte time gadi ko hit kar diya,1,,,,,
ECF226826067416a,While driving the car one truck come and dashed my car from the front right side,1,,,,,
MOT11964075,Got hit by auto rickshaw from left side but got hit from front by anather car Back side,1,,,,,
MOT11964250,Front left side,2,,,,,
ECF2366213634204,A RUNNING DOG COLLIDED FROM FRONT SIDE OF THE CAR AMD THE CAR HAS BEEN DAMAGED,2,,,,,
MOT11964070,M0ERE CHACHERE BHAI MERI GADI LE GAYE THE JO KI WAH BALLIA SE GAINI JA RHE THE TABHI GAINI SE 10 KADAM PICHE ROAD PAR ACHANAK EK AWARA BIJAAR AA GAYA OR USE BACHANE K KARAN SAMNE S AA RAHI MOTORCYCLE S MERI GADI TAKRA GAYI OR SIDHE HATH PAR GIR GAYI JISSE MERI GADI MEI TOOT FOOT HO GAYI....,0,,,,,
MOT11963656,DAMEGE,2,,,,,
MOT11964063,As per estimate,2,,,,,
MOT11963888,RASTA PAR JATA ACHANAK KHADO AAVTA BELENCE JATA WRONG SIDE JATA SAME THI BIKE VADO AAVTA ATHDATA LEFT SIDE PADTA NUKSAAN THAYEL CHE,1,,,,,
MOT11964336,foregoing vehicle suddenly stopped so car dashed to it,1,,,,,
MOT11963891,Jumped over big bumper,2,,,,,
MOT11838984,HIT WITH ANOTHER VEHICLE,2,,,,,
ECF22525154845df,?????? ???? ??? ?? ??? ?????? ???? ???????? ?? ??????????? ???? ???? ???? ????? ???? ??? ???? ????? ????????? ???????? ?????,2,,,,,
MOT11965352,"DUE TO SUDDEN BRAKES OF CAR MOVING AHEAD ,CAR WAS DAMAGED FROM FRONT SIDE AS IT HITS THE FRONT VEHICLE AND AT THE SAME TIME REAR COMING VEHICLE BANGED THE FROM BACK SIDE.SO CAR WAS DAMAGED FROM BOTH SIDE",1,,,,,
MOT11964988,Gurgaon to Dharuhera i was traval to my home and when i reached dharuhera flyover a truck braked suddenly on my car got crashed into tha truck then the truck went away without stoping. When the impact happened my windshild also got cracked become of the crash was stone and the truck was carrying little stone the windshield cracked,1,,,,,
MOT11965298,Samne se bike wale ne takkar Mar di aur meri bike left side Gir gai,1,,,,,
MOT11963860,As par claim form,2,,,,,
MOT11964760,gadi lai jata tyre achanak kutru aadu padta gadi unbelence thay diveder par chadi jata gadi ma nukshan thayel che front side,1,,,,,
ECF23165446349b1,While going to valsad from dharampur road suddenly no of running pigs came in front of my car and ditectly hit from front and left side of car and damage,1,,,,,
MOT11964901,GADI LAY NE JATA HATA TYARE TRAFIK MA SONI BAZAR MA SAKLI GALI MA TRAN MARTA SIDE MA NANI DIVAL SATHE ADI JATA MARI GADI MA DABI BAJU NUKASAN THAYEL CHE,1,,,,,
MOT11963887,HIT WITH RIXA AND FALL DOWN,2,,,,,
MOT11875477,Bangalore,2,,,,,
MOT11946058,LOSS REAR SIDE,2,,,,,
MOT11891536,the other vehicle crash the vehicle from the behind,1,,,,,
MOT11891623,VEHICLE DAMAGED,2,,,,,
MOT11938965,Gadi lay ne jata hata tyare valank ma division hatu tya athday jata gadi ma nuksan thayel chhe.,1,,,,,
MOT11893047,CX VEHICLE WAS HITTEN BY ANOTHER VEHICLE,1,,,,,
MOT11957445,LOSS THE VEHICLE,2,,,,,
MOT11899401,ROCK IN COME VEHICLE TAKE LEFT AND DAMGE,1,,,,,
MOT11871233,VEHICEL DA AMGED,2,,,,,
MOT11956482,ACCIDENTAL DAMAGES,2,,,,,
MOT11964207,KAL RAAT MAI APNE GHAR AMBALA SE NOIDA ARAHA THA ACHANAK SE EK NIN GAYE MERI GADI SE TAKRA GAYE JIS SE MERI GADI LEFT FRONT SE DAMAGE HO GAYE.,1,,,,,
MOT11964330,as per claim form,2,,,,,
MOT11962952,Accident due to container coming back while starting,1,,,,,
MOT11964046,As per estimate,2,,,,,
MOT11959050,Rear Left side and Right Side Damage,2,,,,,
MOT11964340,Damege,2,,,,,
MOT11964309,??? ??? ?????? ?? ?? ?????? ?? ??? ?? ??? ?? ????? ????? ??? ?? ???? ???? ?? ???? ?? ???? ?? ???? ???? ????? ???? ??? ??,2,,,,,
ECF220443563492f,Toyota Fortuner hit from back,1,,,,,
MOT11964307,As per claim form,2,,,,,
MOT11963662,DAMEGE,2,,,,,
MOT11965385,HIT A AUTO,0,,,,,
MOT11965401,HIT BY AN ECO AND FALL DOWN,1,,,,,
MOT11965140,WHILE DRIVING TRACTOR COMING STRAIGHT FROM OPPOSITE SIDE AND SAME PLACE ROAD WORK WAS IN PROGRESS THAT IS WHY TAKE CAR OFF ROAD AND HIT STONE WITH UNDER BODY ALSO HIT WITH TRACTOR RIGHT SIDE,1,,,,,
MOT11965275,Bike wale ne samane se takkar mar diya,1,,,,,
MOT11965347,Skid on the road,0,,,,,
MOT11965414,CAR WAS MOVING SUDDENLY FLYING STONE CAME AND HIT ON THE FRONT WINDSHIELD GOT DAMAGED,1,,,,,
MOT11949547,KAM SE JA RHA THA SAMNE SE ACHANAK EK CYCLE BALA AGYA OR BIKE SE TAKKERA GYR OR BIKE UNBALANCE HO KER LEFT KO GIR KER FRONT LEFT SE DAMAGE HO GYA,1,,,,,
MOT11965177,As par claim form,2,,,,,
MOT11938419,IT WAS HIT AND DASH WITH SCRATCHED AT LEFT SIDE OF THE CAR.,2,,,,,
MOT11965278,Other Riksha hit to my bike,1,,,,,
MOT11965310,I was at a turning point where a car was making u turn it came slight reverse and crushed my passing car and when i relised and suddenly applied brakes a battery rickshaw banged from behind in my rear bumper.,1,,,,,
MOT11905453,THERE WAS CONSTRUCTION ROAD DUE TO WCXHIH VEHICLE GOT SLIPPED,1,,,,,
MOT11907469,DAMAG OF FRONT +BACK ALL SIDE NAD LITTLE BIT INERNAL PROBLEM 04W INVOVA CRYSTA HITT FROM BACK,2,,,,,
MOT11907681,VEHICLE DAMAGED,2,,,,,
MOT11963022,Damage,2,,,,,
MOT11907693,VEHICLE DAMAGED,2,,,,,
MOT11945887,Damaged,2,,,,,
MOT11948801,GOT DAMAGE,2,,,,,
MOT11908225,VEHICLE DAMGED,2,,,,,
MOT11949370,AS PER CLAIM FORM,2,,,,,
MOT11960467,a vehicle hit my car,1,,,,,
MOT11914916,VEHICLE DAMAGED,2,,,,,
MOT11918002,an two wheeler came from opposite and hit cx vehicle,1,,,,,
MOT11937930,LOSS UNDER SIDE,2,,,,,
ECF234608402407d,"While parking the car in the parking car, the car was taken on reverse gear. In order to save the rear side of the car from the building column, it hit sitting area constructed around a tree and thereby the fron right portion was damaged. In order to minimise the damage, the left portion is also damaged.",0,,,,,
MOT11964345,Bike slipped in mud and i lose control then it crashed into divider and i fainted rest I don?t remember,0,,,,,
MOT11963969,DAMEGE,2,,,,,
MOT11964384,"MERA MAMERA BHAI GADI CHALA RAHA THA,TABHI ACHANAK EK MOD PER DUSRI BIKE NE ATTACK KAR DIYA JISSE GADI KA FULL FRONT AND FUEL TANK DAMMAGE HO GAYA HAI,",1,,,,,
MOT11964342,AS PER CLAIM FORM,2,,,,,
MOT11964420,REAR DOOR WAS NOT CLOSED HENCE IT SUUDENLY OPENED AND HITTED TO WALL,0,,,,,
MOT11964343,front going champion sudden apply break in front of my car and my vehicle collisgn front side badly and same time another vehile hit from back side also.,1,,,,,
MOT11964404,"A car was coming from wrong side and hit left side of car. And when applied brakes, a car also hit back side of car.",1,,,,,
MOT11963324,"Dumpar stopped using emergency break, my bike hitted to dampar.",2,,,,,
MOT11964111,While ridding the scoty suddenly another vechile hit on rear side I was hit on a Vikram on front side,1,,,,,
MOT11920280,9685748596,2,,,,,
ECF2259571584a7c,"Meri gadi nexa showroom chandrapur me khadi thi, utne me 1 royal Enfield bullet wale ne meri khadi gadi ko aake left side se thok diya, jisme meri gadi ka door fender alloy wheel slash gaurd damage ho gaya",1,,,,,
MOT11965435,BIJI GADI VARO BHTKAT GADI NA NUKSAN THEYAL CHE,1,,,,,
MOT11957630,Vehicle hit the Piller,0,,,,,
MOT11964364,AS PER CLAIM FORM,2,,,,,
MOT11965437,Overtake ke kram me samne wali gaadi ne achanak break mara aur main gaadi lekar samne wali gaadi se takra kar road par gir gaya aur piche se aa rahi motorcycle bhi mujhe bachane ke kram me meri gaadi ke uppar chadh gaya jisse meri gaado chati grast ho gayi,0,,,,,
MOT11963822,Insured vehicle hitted to pillar,0,,,,,
MOT11963945,AAGAD NI BREAK MARTA GADI SLEAP THAI NE DAMAGE THAYEL CHHE,1,,,,,
MOT11965344,LEFT HAND SIDE FULL DAMAGE,2,,,,,
MOT11965416,"we had an medical emergency on tuesday night and we were meat an accident as well. when we were passing the libas pur that time a three wheeler strik on driver side mirror and i took amergency breaks which cause the damage of the fender , right tail light , right mirror and which strick to the back light , as we are in hurry so we moved to hospital . yesterday 28/feb , when my wife got discharge from hospital there i saw many rat are in the car and some ret bite is there in the front and of car",1,,,,,
MOT11800014,9685748596,2,,,,,
MOT11905312,AA,2,,,,,
MOT11918607,LH & RH SIDE DAMAGE,2,,,,,
MOT11904284,DUE TO SUDDEN STOPPED FRONT TEMPO DASHED TO IT SAME TIME ANOTHER VEHICLE BRUSHED LH SIDE,1,,,,,
MOT11924675,RH SIDE DAMAGE,2,,,,,
MOT11932295,OPPOSITE VEICLE HIT,1,,,,,
MOT11926103,VEHICLE DAMAGED,2,,,,,
MOT11962288,Damage,2,,,,,
MOT11927189,VEHICLE DAMAGED,2,,,,,
MOT11928192,VEHICLE DAMAGED,2,,,,,
MOT11870060,ANOTHER VEHICLE HITTED,1,,,,,
MOT11928993,VEHICLE DAMAGED,2,,,,,
MOT11895734,Damaged,2,,,,,
MOT11964127,Samne se aata bike ne activa ko hit kiya,1,,,,,
ECF23644178241d3,Right side damage,2,,,,,
MOT11964494,WHEN I WAS PASSING FROM VALAN GAM AT THAT TIME SUDDENLY IN FRONT OF MY TEMPO APPLIED BRAKE AND BECAUSE OF THAT MY VEHICLE HITTED WITH THAT TEMPO AND REAR SIDE ONE THREE WHEELER TEMPO DASHED MY VEHICLE FROM REAR SIDE SO MY VEHICLE GOT DAMAGED FROM BITH SIDES..,1,,,,,
MOT11964500,Bike wala maar diya,1,,,,,
ECF22925480244e7,while parking the vehicle it was hit by the side well of my house,0,,,,,
MOT11964162,HIT WITH CAR REAR SIDE AND FELL DOWN LEFT SIDE,1,,,,,
ECF2215000714139,As per clime form,2,,,,,
MOT11964114,Rhs side damage,2,,,,,
ECF2249512924064,While driving a dog came in front of another car he stopped in urgent way so our vehicle got smashed from front and as we took a Chance take our back gear it was a barigade in the back side of our car which got touched in slightly way in the back side of car,1,,,,,
MOT11964517,GADI AGAD NA BHAGHE TATHA JAMNI BAJU NA BHAGHE BRTS NI RELLING TATHA TENA DEVIDER SATHE ATHDAVATHI NUKSAN THAYEL CHE,1,,,,,
MOT11964473,I was going towards akshardham &at gazipur there was bulero with goods loadid & it took emergency breack and due to which my car got hit from front left side and there was E-rickshaw behind me who damage my car right side,1,,,,,
MOT11965170,A cart just came in front of me by taking wrong side on the Noida expressway. I had colliding with the cart. Pressing instant breaks was also too risky so I have pressed slow breaks but that was not sufficient and I had colliding with the cart heavily from the front side of my bike and just fallen on my right side with the bike. My bike was damaged a lot from front side and some on tank and handle and so on. I was also injured more than 8-9 spots on my body.,1,,,,,
ECF22074690945dd,Achanak ek pathar Aakar front glass par lgg gya,2,,,,,
ECF23223927548af,,2,,,,,
MOT11962876,VECHICLE DAMAGED,2,,,,,
MOT11965324,PANDARE HUN GAVAT JAAT ASTANA VALNAVARTI KHADI MULE GADI GHASRUN PADLYANE HA APGHAT zala,2,,,,,
MOT11965397,HIT BY BIKE,2,,,,,
MOT11965464,Motercycle ek dusri motercycle se takraker damage ho gai,1,,,,,
MOT11965288,As par claim form,2,,,,,
ECF1745308894ed6,Wrong side se ek canter wale ne saamne se meri gaadi ko hit kar diya,1,,,,,
MOT11965313,BREAK LAGANE SE GADI GIR GAYI,0,,,,,
ECF22280840749b6,Pick up vala hit my xar form right side,1,,,,,
MOT11929363,Basavanapura,2,,,,,
MOT11930089,VEHICLE DAMAGED,2,,,,,
MOT11735318,HIT TP,2,,,,,
MOT11961627,while reversing hitted to stone,0,,,,,
MOT11957837,ANOTHER VEHICLE HIT,1,,,,,
MOT11921129,as per claim form,2,,,,,
MOT11953126,Parasurampur ke pass samne se aa rahi motor cycle wale ne takker maar di jisse meri gari chati grast ho gayi,1,,,,,
MOT11779325,HIT BY OTHER VEHCILE,1,,,,,
MOT11963043,Lost control over bike due to mud.,2,,,,,
MOT11959049,A motor cyclist hit on right side of my car causing damage,1,,,,,
MOT11951392,Rugged by another vehicle on the right stretch,1,,,,,
MOT11964532,HIT A BIKE,2,,,,,
MOT11964437,BY EXTERNAL MEANS.,2,,,,,
MOT11937060,AS PER CLAIM FORM,2,,,,,
ECF2204435634bb0,Toyota Fortuner hit from back,1,,,,,
MOT11964297,Gadi laine jata Dabhi baju gadi vado athadata gadi ma dabi baju nukshan thayu che,1,,,,,
MOT11963658,DAMEGE,2,,,,,
MOT11963677,A COMMERCIAL CAR HIT FROM RIGHT SIDE OF CAR WHILE OVERTAKING,1,,,,,
MOT11963739,RSTAMA GADI SLEEPMARINE DIVAIDAR SATHE BHATKAINE PADI GAYEL CHE,1,,,,,
MOT11964556,"FROM FRONT L.H SIDE A TEMPO WAS APPLIED SUDDEN BRAKE AND MY CAR GOT DASH WITH THAT TEMPO AND SAME TIME DUE TO SUDDEN BRAKE FROM REAR R.H SIDE ANOTHER VEHICLE GOT ALSO DAMAGED MY CAR FROM REAR R.H SIDE,",1,,,,,
ECF224127611429f,RUNING GADI MA AAGL VALA YE ACHANK BREAK MARTA GADI MA NUKASHAN AAVYU CHE,1,,,,,
MOT11964139,GADI CHLATE SAMAY AAGE ACHANAK KUTTA AA GAYA KUTTA GADI KE AAGE TAKARAYA JAISE HI MENE BREAK LAGAYE TO PICHE SE AA RAHI GADI NE TAKKAR MAR DI AND SIDE SE E RIKSHAW VALE NE TAKKAR MAR DI JIISE PICHE KI LIGHT TUTI,1,,,,,
MOT11964501,front portion damaged,2,,,,,
MOT11965187,MOSALI CHOKRI PAR VANKAL RASTA UPAR SIDE PAR BACK SDIE THI EECO WALO TAKAR MARTA HU GADI NE SIDE ME LEVA JATA SIDE MA PATHAR LAGTA MARI GADI MA BACK SIDE ANE RH SIDE NICHE DAMAGES THYO CHE,1,,,,,
ECF2315459674933,,2,,,,,
MOT11965519,GR SE MARKET JATE TM MAHRAJ GANJ K PASS GADI BIKE SE TKRA K RIGHT SIDE GIR GYE,1,,,,,
MOT11965312,AS PER CLAIM FORM,2,,,,,
MOT11965462,Sariyo se loaded E-rickshaw se takkar lagne ki wajah se peeche se damage ho gayi aur scratches aa gaye hai,1,,,,,
MOT11965232,Unknown vehicle hit,2,,,,,
MOT11963849,SUDDNLY MONKEY COME ON ROAD AND VEHICLE SLEAP DOWN,2,,,,,
ECF21726826243af,CORNALGANJ SE BARABANKI AA RHE THE TABHI BABHUA RAILWAY CROSSING KE PAS PICHHE SE EK TRUCK WALE NE PICCHE SE TAKKAR MARTE HUYE CAR KA DAHINE TARF CHHTIGRAST KARATA HUA NIKAL GYA,1,,,,,
ECF9895417946f9,One tempo with the high speed hit the right side of my i10 and damaged right side broken head light and side view mirror.,1,,,,,
MOT11965475,Aage chal rahe auto Wale n Achanak brake lga diye brake lgane se piche se aa rahi gadi ne piche se takkar mar di isme kisi ko koi nuksan nahi hua aur na fir hui,1,,,,,
ECF2357179034e87,Karjan thi dora aavta samaye bhes aavi ne aathdata mari gari ne main glass demege thayel chhe,1,,,,,
MOT11964552,AS PER CLAIM FORM,2,,,,,
MOT11842531,Iv dashed with divider and got damaged.,0,,,,,
MOT11924998,ANOTHER VEHICLE HIT,2,,,,,
MOT11719151,HIT BY OTHER VEHCILE AND SKID,2,,,,,
MOT11918395,AA,2,,,,,
MOT11960295,OPPOSITE VEHICLE HIT,2,,,,,
MOT11864120,VEHCIEL DAMAGED,2,,,,,
MOT11867233,VEHICLE DAMAGED,2,,,,,
MOT11872412,inusred vehicle hit by honda bike from backside and insured vehicle also hit to front vehicle,1,,,,,
MOT11873310,VEHICLE DAMAGED,2,,,,,
MOT11945202,FR SIDE DMAAGED,2,,,,,
MOT11873312,VEHICLE DAMAGED,2,,,,,
MOT11873313,VEHICLE DAMAGED,2,,,,,
MOT11947851,ANOTHER VEHICLE HIT,2,,,,,
MOT11964586,Kesarpur road se mera bhanja aa raha tha samne se eco se takkar ho gai,1,,,,,
MOT11963840,Bike wala,2,,,,,
ECF2220703254fdc,A FLYING STONE FROM THE VEHCLE IN FRONT OF CAR COMES & HIT AT FRONT WINDSHIELD,2,,,,,
MOT11963659,DAMEGE,2,,,,,
MOT11964584,FRONT GOING TEMPO SUDDENLY CANGES ITS LANE AND MY CAR TOUCHED IT FROM RIGHT FRONT CORNER AND I APPLIED QUICK BRAKES AFTER THAT HIT WITH AUTO AND AT THE SAME TIME REAR COMING CAR BUMPED MY CAR FROM BACK SIDE,1,,,,,
MOT11964569,AS PER CLAIM FORM,2,,,,,
ECF21962870649af,vehicle impact to another vehicle,2,,,,,
MOT11964071,"A stone felt on my car windshield, it's got damaged",2,,,,,
MOT11962592,AT THE TIME OF TURNING ACTIVA WAS HITTED BY BIKE SUDDENLY,1,,,,,
MOT11964514,ANOTHER TWO WHEELER DASH AND VEHICLE GOT SLEEP,1,,,,,
ECF2290833954805,"On the way to Vasna Hadmatiya temple, a dog suddenly came on the right side and the vehicle going to rescue him took the left side and collided with the electric pole of the side.",1,,,,,
MOT11965514,I WAS TRAVELLING FOR NERUL TO BELAPUR AND MY FRONT VEHICLE SUDDENLY BRAKE AND CAME TO MY CAR SIDE AND I WAS TAKING RIGHT AND DASH TO RIGHT SIDE DIVIDER AND THAT TIME MY BACK SIDE AUTORICKSHAW HIT MY CAR REAR RIGHT SIDE,1,,,,,
MOT11965525,Achanak gadda aayaya use me gadi gir gayi l,2,,,,,
ECF23365266443e2,KHADI GADI MAI BIKE SAWAR NE TAKKAR MAR DI,1,,,,,
ECF2275574834a11,KATIBAGIYA SE MOHAN ROAD PER MUDTE SAMAY SAMNE SE EK TRUCK WALA NE PAHLE APNA TRUCK MODA AUR SEEDHA KAR DIYA JISSE WAH GADI KE DAHINE HISSE PER TAKRAYA GAYA.,1,,,,,
MOT11965546,ASHTA SE SEGAW JATE SAMYE SAMNE ACHANK KUTTA AA GYA JISE BACCHANE ME GADI PATHAR PE CHAD KE SAMNE PILLAR SE TAKRA GYE,1,,,,,
MOT11965144,WHILE I WAS DRIVING SUDDENLY ONE AUTO HIT MY CAR LEFT SIDE GOT DAMAGED,1,,,,,
ECF2191494344abd,Samne se a rahi bike wale takkar maar di,1,,,,,
MOT11965157,PRACHI ROAD PAR ACHANAK JATA TRECTOR MA SUYA JODELA HATA ACHANAK BRAKE MARTA MARI CAR NI BRAKE NA LAGTA TENI SATHE BHATAKATA MARI CAR FRONT SIDE UNDER BDY ANE LH SIDE DAMAGE THAYEL CHHE,1,,,,,
MOT11965544,Vehicle was parked when i came and noticed the front glass was damage,1,,,,,
MOT11965350,HITTED BY SCOOTER,2,,,,,
MOT11965468,I was on way Kushmandi from my house when suddenly I was stopped my bike and side stan of my bike but sleep the side stan then followed my bike and damage Fuel Tank.,1,,,,,
MOT11874356,PER CLAIM FORM,2,,,,,
MOT11874699,AS PER CLAIM FORM,2,,,,,
MOT11877488,VEHCIEL DAMAGED,2,,,,,
MOT11877628,VEHICLE DAMAGED,2,,,,,
MOT11880103,VEHICEL DAMGED,2,,,,,
MOT11884887,WHILE GOING IN CORNER FRONT VEHICLE TOOK SHARP TURN SO SLIPPED AND FELL DOWN HIT PAVMENT,1,,,,,
MOT11889395,VEHICLE DAMAGED,2,,,,,
MOT11892582,customer on the way infant 2 wheeler suddenly taken break and accident happen infant damage,1,,,,,
MOT11873726,VEHICLE DAMAGED,2,,,,,
MOT11958804,Animal hit at front,1,,,,,
MOT11894846,by mistake hit the pole in road,0,,,,,
ECF24056751045a3,While we crossing the road dog came suddenly hit the dog,0,,,,,
MOT11963763,DIU NI ANADAR J RSTRAMA PADEL PATHARNE TARAVAVAV JATA MARI GADI		PADI GAYEL CHE,1,,,,,
ECF2293955094776,HIT BY ANOTHER VEHICLE THAT TAKE REVERSE WHEN MY VEHICLE IS AT STATIONERY AND DAMAGED ON THE FRONT RIGHT SIDE,1,,,,,
MOT11964661,On turning car hit with divider and got damaged on Rh side,1,,,,,
ECF22740825549e8,Vehicle was stopped on right side one two wheeler came and hitted my vehicle on back left side,1,,,,,
MOT11964651,IK DM AUTO WALE NE TAKR MAR DI FRLH RH REAR DAMGES,1,,,,,
ECF2165363174ddb,Gadi chalat hoti traffic madhe truck walyani magun dash dakhakli aani samor racha baffer purn pane nighun gelymude mi tithach temporary basun ghetla ek garage madhun tyacha kadun,1,,,,,
ECF1984691714944,As per claim form,2,,,,,
MOT11963991,While ridding the scoty suddenly another vechile hit on rear side,1,,,,,
MOT11964479,They drive to suddenly road sand scooter sleep on road dividers dash on collapse right side get to damage,1,,,,,
MOT11964619,ek xuv vale ne meri gadi ko over krte hu driver side se hit kr diya or mne jese hi break lgye to pice lh side se auto vale ne hit kr diya,1,,,,,
ECF172256808430a,Front Side And Left Side,2,,,,,
ECF21539853243eb,As per claim form,2,,,,,
MOT11964917,A WAGON R HITS THE CAR ON THE RIGHT SIDE OF THE CAR AND AS I MOVED THE CAR ON THE LEFT SIDE MY CAR HITS AN PASSANGER AUTO,1,,,,,
ECF23160361541d3,Neel Gaye achanak se Nikal aayi Meri gaadi use jaake takes takes gayi,1,,,,,
MOT11946155,"While driving slowly,in front of vehicle applieed sudden break , hit the front vechile ,so vechile got damaged",1,,,,,
MOT11964425,Hit By A Bus,1,,,,,
MOT11964430,my car collided with a loded carrier and hit it from the front side bonnet unlocked and bonnet hit the windshild glass,1,,,,,
MOT11933441,Nirmali,2,,,,,
MOT11964963,WHEN I WAS PARKING MY VEHICLE AT THAT TIME MY VEHICLE HITTED WITH ANOTHER VEHICLE AND GOT DAMAGED FROM FRONT SIDE..,1,,,,,
ECF2364524024a9f,On bhiwandi circle at signal one car dashed my car rear right side .i avoid to major loss due to car took left but unfortunatlly other left side passing vehicle brushed my car left side and ran away.,1,,,,,
MOT11965561,A BUS HIT FROM BACK SIDE AND ACTIVA FELL DOWN TO RIGHT SIDE,1,,,,,
MOT11964753,Left side complit demega,1,,,,,
MOT11964356,Gadi raning hati tyare pachad thi kacharani gadi vado aviyo and mari gadi sathe athdano jethi kari gadi control ma na reta side ma rahel divadar sathe gadi athdani jethi kari gadi ma nuksan thayel cha,1,,,,,
MOT11965108,Bike wale ne samane se takkar mar diya,1,,,,,
ECF2279186034638,WHILE WAS ON THE WAY TO OFFICE A ROYAL ENFILED BIKE TRIED TO OVER TAKE FROM THE LEFT POST LOSING CONTROL HIT MY DOOR FROM THE FRONT THE VEHICLE.,1,,,,,
MOT11964823,HIT WITH A STONE,2,,,,,
MOT11965582,STONE FALLEN FROM FRONT TRUCK ON VEHICLE FRONT SIDE,2,,,,,
ECF217369768436e,Front side,2,,,,,
MOT11965477,I was traveling in chattar pyr main road and in front of me there was a moving truck suddenly he put on the break of truck and i was not able to control that so i also Applied the break but the scooty gets crashed whith the truch and fell on the left side of the devidor,1,,,,,
ECF2282975924da3,I was standing in jam while one auto illegaly entered into wrong side and hit my car,1,,,,,
MOT11965533,CAR WAS MOVING SUDDENLY SOME FLYING STONE HIT ON MY CAR FRONT WINDSHIELD AND GLASS GOT DAMAGED.,1,,,,,
MOT11898001,UNKNOWN VEHCILE HIT,2,,,,,
MOT11906226,RIGHT PORTION DAMAGE,2,,,,,
MOT11903080,while taking revers a boy sitting inside opened the door suddenly hence damaged,0,,,,,
MOT11906379,HIT,2,,,,,
MOT11921722,LH SIDE DAMAGE,2,,,,,
MOT11922207,AS PER CLAIM FORM,2,,,,,
MOT11922962,VEHICLE DAMAGED,2,,,,,
MOT11922427,Stone hit at front,2,,,,,
MOT11590820,Hit,2,,,,,
MOT11756757,Hit to dog,2,,,,,
MOT11647105,DAMAGE,2,,,,,
MOT11964713,"HU BIKE LAINE JATO HATO SEVASI CHECK POST WADA RASTE THI,EK SWIFT CAR WADO SEVASI CANAL ROAD RASTE THI NIKADYO,ANE GOTRI ROAD WADA RASTE TURN LETA ANI GADI OUT ROAD THAI ANE MARI GADI MA RIGHT SIDE ATHADI DIDHI,JETHI MARI GADI MA RIGHT SIDE DAMAGE THAI GAYU.",1,,,,,
MOT11964689,RAN OVER THE VEHICLE ON POTHOLES ON THE ROAD TRAVEL FROM MAHINDRA CITY TO MARIAMALNAGAR,1,,,,,
MOT11964492,RASHTA MA ACCHANAK BUMP AVATA BRECK MARTA GADI SPEED BRACKER MA ATHADATA NUKASHAN THAYEL CHE,1,,,,,
MOT11963771,KHAN NI ANDAR J GADI LAINE JATAHTA TYARE SRTMA MARI AGALNI RIKSHAMAMARI FGADI 			BHATKAINE PADI GAYEL CHE,1,,,,,
MOT11964708,WHEN I WAS PASSING FROM KADODARA TO KAMREJ ROAD AT THAT TIME IN TRAFFIC WHEN I APPLIED BRAKE ON SPEED BRAKER AT THAT TIME REAR SIDE TRUCK DASHED MY VEHICLE FROM REAR SIDE SO MY VEHICLE GOT DAMAGED FROM REAR SIDE..,1,,,,,
MOT11964732,Overtake kr rhi bike ne takkar mari,1,,,,,
MOT11964367,Daimeg from front side from auto,2,,,,,
MOT11963675,A BIKER FELL DOWN ON CAR RIGHT SIDE AND DUE TO IMPACT I WAS COULDNT CONCENTRATE ON FRONT OF ROAD AND CAR MESH WITH DTC FROM FR SIDE,1,,,,,
MOT11964565,SAMNE ACHANAK GADHA AA GYA,1,,,,,
MOT11964696,Samne se dusre vahan ne takkar maar de,1,,,,,
MOT11964837,"A cattle come on the road suddenly, so to save him vehicle goes on the road side, due this cause a tree branch hit on the windshield,so windshield glass breakage.",1,,,,,
MOT11964000,HIT BY A COW AND FALL DOWN,1,,,,,
MOT11958367,As per claim from,2,,,,,
MOT11963855,ROHISATHI UNA AVTAHTA TYARE RSTAMA RAHEL AK KHADAMA MARI GADI PASDAINE 			MARI GADI PADI GAYEL CHE,1,,,,,
MOT11964771,jhunjhunu,2,,,,,
MOT11963235,HIT BY BIKE,1,,,,,
MOT11964992,HIT WITH BULLETCORT,1,,,,,
MOT11964738,"RINGROAD THI JATA HATA, AGAD JATI RIXA VALA A BREAK MARI TO GADI NI BREAK MARTA BALANCE NA RETA GADI PADI GAYEL CHE",1,,,,,
ECF2241630054f9a,Nanded te washim jat astana vasmat javl two wheeler valyane achank samor yeun dhadak dili va tyala vachvnyachya praytnat gadi divaydral dharak dile,1,,,,,
MOT11963810,auto hit the vehicle from front left side and fell down on right side,1,,,,,
MOT11964835,Motorcycle vadae right said thi takkar mari atle agad na tempoma jamni baju thokata nukshan thyel chhe,1,,,,,
MOT11964968,AGE GADDI JA RHI SI US NE ACHANEK BRAKE LAGAI. MAI APNI GADDI NU BRAKE LAGAI TE PICHE TOH AH RHI GADDI MERI GADDI VICH BAJI JIS KAR KE MERI CAR DA NUKSAAN HO GAYA .,1,,,,,
MOT11965577,Our car was waiting to take u turn when a bike approached from the side and got disbalanced and banged into the our car from right side,1,,,,,
MOT11965119,"PEBBLE HIT ON MY WINSHIELD BY TRUCK MOVING IN FRONT OF MY CAR DUE TO UNBALAMCE CAUSED, WAS CROSSED BUMP AHEAD AND CAUSED LOWER SIDE DAMAGE",1,,,,,
ECF2225224764792,Jhanjharpur se chikna jane ke karm mein road par achanak kutta aa gya aur gadi kshtrigast ho gya,1,,,,,
MOT11965476,Accident Left side Bonet of car by Maxx pickup,2,,,,,
MOT11964181,When car was park another vehicle hit due to this damage on right side of car,1,,,,,
MOT11963880,HIT WITH STONE AND DAMAGE,1,,,,,
MOT11964218,AS PER CLAIM FORM,2,,,,,
MOT11965608,Mai company tha tabhi peeche ae bike wale ne takkar mari,1,,,,,
MOT11965551,FRONT DAMAGE,2,,,,,
MOT11965603,Achanak wrong side se ek e rikshow wale takkar mar di or gadi damage ho gai,1,,,,,
ECF222516302485a,As per fir,1,,,,,
MOT11878401,SAMETHI AAVTA VAHAN E MARI GADI NI SIDE PAR TAKKAR MARTA MARTA MARI GADI DABI BAJU PADI GAY HATI,1,,,,,
ECF2251065284d84,,2,,,,,
MOT11963703,GADI LAI JTA TYRE AAGAD A PACHAD TWOOWHEELER VADO ATHDATA GADI MA AAGAD ANE PACHAD NUKSHAN THYEL CHE .JATI RIXA VADA AE OCHINTA BREAK MARTA GADI AAGAD NI SIDE MA TENI SATHE ATHDAT,1,,,,,
MOT11963714,GADI BIKE SAME BHATAKAY NE SLEEP THAY NE PATTHAR UPEAR PADI GAYEL CHE,1,,,,,
MOT11963705,GADI BIKE SAME BHATAKAY NE SLEEP THAY NE PADI GAYEL CHE,1,,,,,
MOT11963710,FATAK PASE ACTIVA VALO BEFIKARAY THI CHALAVI AAVTA GAADI MA RIGHT SIDE REAR BHATKANO TE DARAMIYAN TENATHI BHACHVA LEFT SIDE GAADI LETA MOTA PATHTHAR SATHE LEFT SIDE AGAD NICHE BHATKATA GAADI MA DAMAGE THAYEL CHHE,1,,,,,
MOT11963736,"??? ????? ???? ??? ?????? ?????? ??? ?? ???? ????????? ?????? ??? ????? ???????? ?????? ?????? ?????? ?? ????? ???? ???? ?? ??? ?? ?????? ????? ? ??????? ?????? ????? ?????? ?????? ????? ????, ????? ?? ?????? ???????? ???? ??????? ?????? ????? ?????? ????? ?? ???????? ??????? ?????????? ??? ????",2,,,,,
MOT11963716,KHATARA VALO BIKE VALANE BACHAVA JATA MARI GAADI MA SIDE THI PACHHAD BHATKADTA NUKSAN THAYEL CHHE,1,,,,,
ECF181347828462f,While traveling time a bolero hit from front rhs side and at the same time auto hitted at left side also got damaged,1,,,,,
ECF22915623741b3,WHILE TRAVELLING TIME A DOG HIT ON THE FRONT SIDE OF MY CAR,1,,,,,
MOT11961832,MARI GADI ST ROAD PASETHI GOLAIMA THI NIKLATI VAKHATE EK RIKSHOW VALO MARI GADI SATHE DHASAI NE NIKALTA ME BRECK MARTA MARI GADI NI PAHCAL LEVA JATA EK THAMBHLA SATHE ATHADATA MARI GADI MA NUKSHAN THAYEL CHE.,1,,,,,
MOT11964745,ANOTHER VEHICLE HIT WITH THE INSURED VEHICLE GOT DAMAGE AT REAR RH SIDE,1,,,,,
MOT11935979,Gilaula kipas aksamnisaymotar cikilwalyi ni dokar mar digesaygadiraight saidgirgii farntsaidraightsaiddamjho gyahi,1,,,,,
MOT11964740,Try to save a cow vehicle fell down by the side of the road,1,,,,,
MOT11963788,Slip ho kar geer gaya,0,,,,,
MOT11963244,HIT BY BIKE,1,,,,,
MOT11964802,Mere gadi ke same janwaro ka bund aa gaya jisse tamara ke gadi damage ho gyid,1,,,,,
MOT11964748,Aage chalri gaadi ne achanak break lgae jisse gaadi us gaadi ke peeche takrai,1,,,,,
MOT11964417,rohtak jaate samay raat 9 bje k aaspas samne se aa rhi bike ne takker mari jisse bike gir gayi or nukshan ho gya,1,,,,,
ECF2186596984b9e,While I tookout my car from home that time unfortunately my car right side hit on the wall so got damaged,1,,,,,
ECF23796166544a6,GADI PARKING MA PADI HATI TYARE KOY AAJANYU BAHAN NUKSAN KARI JATU RAHYU 6E,2,,,,,
ECF23484308845d3,While taking reverse vehicle got strucked by pillar,0,,,,,
MOT11963678,"TO AVOID COLLISION WITH BIKE RIDER, CAR STEERED TO RIGHT AND MESH WITH CONCRETE POLE/DIVIDER",1,,,,,
MOT11956148,Mai basali ja reha c raste vich pind balewal de kol mere agge ja rahe gaddi wale ne ik dum break lga ditti jis kar k mai sidha gaddi ch ja vajja,1,,,,,
MOT11964293,A,2,,,,,
MOT11964959,while taking reverse there was a dark due to that could not see one truck behind the car and car dashed to that truck from rear side,0,,,,,
MOT11963872,as per claim form,2,,,,,
MOT11964729,Hit by front side and right side,2,,,,,
MOT11964064,HIT BY A CAR,2,,,,,
MOT11964973,Aaage se rikshaw wale ne touch kr diya hum ne break laage to piche se dusre vahaan ne hit kr diya,1,,,,,
MOT11963800,As per claim form,2,,,,,
MOT11964406,KUTRU ADE PADTA GADI SLIP MARI DIVAIDAR SATHE ATHDAY GAYEE,1,,,,,
MOT11964993,Max pick up ne khadda bachne k liye break lagaye or samne se meri gadi ko takkar mar di,1,,,,,
MOT11965614,Rajapur se karwi ja rahe the achanak gay se gadi takrakar gadi gir gayi,2,,,,,
MOT11964365,Car dashed to cement block and parts were broken at downwards of car.,2,,,,,
MOT11964869,Bhitia se ghar aa rahe the sundarpahari ke pass achanak Ek cow mere gadi ke samne aa gaya aur mera gadi anbailens hokar left side gir gaya jisse mera gadi ka kshatigrast ho gaya,1,,,,,
MOT11965617,Achanak bakri Ka bachha aa Jane ke Karan bachane me gir gaye,1,,,,,
ECF2257719064f17,Lh said,2,,,,,
MOT11901551,8580644836,2,,,,,
MOT11964981,DAUND HUN GAVAT JAAT ASTANA GADI CHA FR BREAK N ? LAGLYANE GADI DIVIDER LA DHADKLYAN E HA APGHAT ZALA,1,,,,,
ECF233610263489d,Main ghar se jamshedpur ja raha tha ki mango ke pas 1 bike wale ne right side se mujhe dhhaka mara jisse main left side gir gaya,1,,,,,
MOT11965438,LOST CONTROL AND FELLED INTO DITCH,0,,,,,
MOT11965624,piche se bike wale ne takker mar di,1,,,,,
MOT11965651,Ek galat side bike wale se takrakar right side gir gai,1,,,,,
MOT11964510,Frt side,2,,,,,
MOT11963746,A car heat from right side,1,,,,,
ECF2299795094d5a,Suddenly a truck came right side so i was take left and left side hit with road side divider so my car left front side and door side got damaged,1,,,,,
MOT11963772,Shooting stone's hit the vehicle and damage it,2,,,,,
MOT11963789,another vehicle hit a front side and fil down divider,1,,,,,
MOT11963808,Mera beta gadi chala kar office ja raha tha thavi raste mein ek auto wale ne piche se Takkar mar Diya aur gadi divider per gir pada,1,,,,,
MOT11963761,Main Apne gadi chala kar kam per ja raha tha thabhi samne se cow aa jane ke Karan gadi divider per gir pada,1,,,,,
MOT11964480,Daimeg from front side from other bike,2,,,,,
MOT11964731,JAMNI BAJU PACHAD BIJA VAHAN SATHE ATHDATA NUKSAN THAYEL CHE,1,,,,,
ECF22341169146f4,the car was parked in the parked lot something dropped on vehicles front glass it got damaged,1,,,,,
MOT11964810,Gaadi lekar ja rahe the achanak piche se ek Scotty wale ne achanak meri gaadi ko thoka aur main unbalance hokar samne ek pole se takea kar dahine taraf culvat par gir gaya jisse meri gaadi chati grast ho gayi,1,,,,,
MOT11963814,ANJARTHI UNA AVTAHAT TAYRA SRTMA GADI SLEEP MARINE PADI,1,,,,,
MOT11944069,Dash by unknown vehicle,1,,,,,
MOT11964751,"while driving the car, our driver heard a loud sound of tyre burst. upon inspection he saw a big metal nail in the tyre and alloy, which caused the damage.",1,,,,,
MOT11964182,auto hit from rare left side,1,,,,,
ECF1894585424a59,"DINAK 25/02/2022 KO MAI APNE NIWAS SE DUKAN JA RAHA THA ,RASTE MAI EK TEMPO SE MERI CAR TAKKRATE HUE PICHE SE DUSARI CAR SE TAKRA GAI,JISSE MERI CAR FRONT SE AUR RH SIDE PICHE SE KSHATIGRAST HO GAI ,IS DURGHATNA MAI NA KISI KO KOI HAANI HUI AUR NA HI KOI REPORT KARWAI GAI.",1,,,,,
MOT11963660,DAMEGE,2,,,,,
MOT11964825,AGAL JATA VAHAN E ACHANAK BRAKE MARTA MARI GADI ATHADAI NE RIGHT SIDE PADTA DAMAGE THAYEL CHHE,1,,,,,
MOT11964484,Hit,2,,,,,
MOT11948389,PED SE TAKKAR SE HO GYI HAI,2,,,,,
MOT11965036,Me apni scooty park karne ja raha tha achanak se ek bada pathar niche takra gaya or oil girne laga mene niche dekha to scooty ka engine tut gaya tha,1,,,,,
MOT11963916,ACHANAK SAME THI BIKE AAVI JATA MARI GADI NE RIGHT SIDE ATHADAI NE LEFT SIDE PADI NE DAMAGE THAYEL CHHE,1,,,,,
MOT11964549,"LIMBAYAT ROAD PER JATA HATA, AGAD ACHANAK RONG MATHI TEMPO AAVTA GADI NI BREAK MARI, TO BALANCE NA RETA GADI SLIP THAI PADEL CHE",2,,,,,
MOT11965030,While driving my bike between the road suddenly a cow came in between and my bike fell on left side and got damaged,1,,,,,
MOT11965058,FRONT WINDSHIELD GLASS HIT BY FLYING STONES,2,,,,,
ECF1788986224d1c,While driving a flying stone hit my front windshield and cracked the front windshield,2,,,,,
MOT11963791,car hit the vehicle from front side,1,,,,,
MOT11965043,Tempo wala ne achanak break Mara or gadi aage se takkar ho gaya,1,,,,,
MOT11965055,While Driving in Anderi One vehicle Damage my car in right side,1,,,,,
MOT11964783,as per claim form,2,,,,,
MOT11965590,They drive on suddenly frant came runway dog dash on scooter frant side thean unbalance to collapse on left side get to damage,1,,,,,
MOT11965670,Samethi activa takkar Thai ne padi gai,1,,,,,
MOT11965636,pheeche se taimpo wale ne motorcycle me takker mara jisse motorcycle aniyantrit ho kr right side gir kr script ho kr band ho gayi aur tut fut gayi,1,,,,,
MOT11965545,Pechhe se bike wale ne takkar mari,1,,,,,
MOT11965676,FRONT DAMAGE,2,,,,,
MOT11965690,AS PER CLAIM FORM,2,,,,,
MOT11965213,DABHI BAJU THI NIKDTA TWO WHEELER VADA E OVERTAKE KARVA JATA NUKSAN THAYU ANE GADI JAMNI BAJU LETA JAMNI BAJU BIJA VAHAN SATHE ATHDATA NUKSAN THAYEL CHE,1,,,,,
MOT11965631,mai office se ghar ja rha tha achanak tahseenganj chaurahe par dahine mudte samay ek motorcycle waale ne samne se takkar maar di aur gaadi dahine gir ke toot gyi,1,,,,,
ECF2357374134b34,AS PER CLAIM FORM.,2,,,,,
MOT11965686,WHILE TRAVELLING FROM GUDUR TO RAPUR NEAR GUDUR RAILWAY STATION ONE AUTO CAME UNCONTROL THE VEHICLE GO AND HIT POLE REAR LEFTSIDE DAMAGED.,1,,,,,
MOT11965653,Biprit dissa s aa Rahi ghari Ko Bachane k chaker m Mera ghari anbalens hoker grikar chaigrist Ho Gaya,1,,,,,
MOT11965133,the car was parked in the parked lot something dropped on vehicles front glass it got damaged,2,,,,,
MOT11950674,While park vehicle hit to front tree at that time bike dash on right side,1,,,,,
MOT11963784,As per claim registration,2,,,,,
ECF22906562044f1,While going office to home back side coming activa hit my car back side so car got unbalanced and front left side also hit with another vehicle,1,,,,,
MOT11962608,VEHICLE HIT BY TOTO,2,,,,,
MOT11963766,As per claim registration,2,,,,,
MOT11963793,HIT BY A BIKE FRONT SIDE AND BIKE FELL DOWN LEFT SIDE AND BIKE DAMAGE,2,,,,,
MOT11963821,Front damage,2,,,,,
MOT11963838,FRONT GOING EECO SPORT APPLIED BRAKES DUE TO MY CAR HIT FROM FRONT SIDE SAME TIME BOLERO HIT FROM BACK.,1,,,,,
ECF22922867448fc,As per intimation letter,2,,,,,
MOT11963730,una ni anadar j gadi laine jatahta tayare rstama side mathi bhud ade padta 			mari gadi side rahel dival sathe bhatkaine padi gayel che,1,,,,,
MOT11963881,FRONT VEHICLE APPLIED BRAKES I COULD NOT CONTROL AND DASHED FRONT SIDE OF MY CAR,1,,,,,
MOT11964665,WHEN I WAS DRIVING SUDDENLY A COW HIT MY CAR FRONT SIDE,1,,,,,
MOT11964644,Gari ka chakka sleep ho gya,1,,,,,
MOT11964681,Mere gadi ko back se truck ne taker mara tabhi meri gadi disblance ho ke same ja rahi magic se tamara gyi jisse gadi damage ho gyi,1,,,,,
MOT11964796,I WAS IN STANDING CONDITION NEAR ABOVE MENTIONED WEAR ONE TANKAR WAS HITED MY CAR ON BACKSIDE AND DRAGGED MY CAR ABOUT 7 TO 8 FT IN FRONT AND HIT WITH AN ANOTHER VEHICLE STANDING IN FRONT OF MY CAR,1,,,,,
MOT11964416,Vehicle damage front side and back side and right side accident with other vehicles due to heavy traffic at road near chikhli bus stand circles,1,,,,,
ECF229238989468c,On highway car run in one big pot hole and left side tyre and alloy got damage.,1,,,,,
MOT11964327,WHILE TRAVELING FROM CHENNAI TO VANDAVASI OPPOSITE ROAD HAS BEEN CLOSED DUE TO CONSTRUCTION ROAD WORK ALL VEHICLES WERE SUPOOSED TO TRAVEL ON SAME ROAD IT WAS FULL TRAFFIC AND I WAS TRYING TO TAKE LEFT SIDE SUDDENLY ONE TOREZ VEHICLE FRONT GUARD HIT MY CAR FRONT RIGHT SIDE OF MY CAR AND IT WAS VERY CRITICAL SITUATION TO AVOID MORE DAMAGES I TOOK LEFT IMMEDIATELY AT THE SAME TIME ONE TATA ACE WHICH WAS VERY CLOSE TO ME AND DASHED MY VEHICLE LEFT SIDE FULLY .,1,,,,,
MOT11964735,Mera driver gaddi leke ja rah tha ki ek dum se gaddi k aage janvar aa gya use bachaane k leeye gaddi modi to gaddi ek bde ghadde me ja lge,1,,,,,
MOT11964755,STONE FALLEN ON CAR BY AN OVERLOADED TRUCK I TOOK LEFT AND HIT BY ANOTHER CAR ON LEFT,1,,,,,
ECF2341039464329,Car was parked in parking on return found that car was hit probably by a bike.,2,,,,,
MOT11965053,Gadi chalate samy achanak samne sand aa gaya jisme meri gadi takrakar gir gai aur kshatigarst ho gai,1,,,,,
ECF2289013224f86,Ratrichya veli Yes gav yethe usane bharlele tellor lakshat n alyane Mazi gadi tya tellor la pathi magun jaun dhadakali,1,,,,,
MOT11964390,AHED MOVING STONE LODED TRUCK SOME STONE COME FROM TRUCK AND HIT MY CAR FRONT BONET AND FRONT GLASS THEN I APPLY BRAKE THEN ONE BIKE HIT MY CAR FROM RIGHT SIDE,1,,,,,
MOT11965056,Hit With Car,2,,,,,
MOT11957453,SAMNE SE ALTO CAR NE HITKIYA,1,,,,,
ECF2234765264c09,RUNING GAADI JATA ACHANAK PATHHAR GLASS AND GADI MA NUKSHAN THAYU CHE,1,,,,,
MOT11928054,As per claim form,2,,,,,
ECF2347002974723,Over load truck crossed right hand side of the driver,1,,,,,
MOT11965088,AS PER CLAIM FORM,2,,,,,
MOT11964346,AAGA CHAL RHI GADI SA EK CHTA SA KHNGKAR AUCHAL KA AAYA JISA HUMRI CAR KA FRONT GLASS DAMAGE HO GYA,1,,,,,
MOT11933264,as per claim form,2,,,,,
MOT11965182,,2,,,,,
MOT11965451,Another vehicle hit from rear left side,1,,,,,
MOT11965700,Khalilabad,2,,,,,
MOT11965601,"CAR WAS PARKED OUTSIDE MY OFFICE , AN AUTO HIT MY CAR FROM RIGHT SIDE",1,,,,,
